{"train/loss": 1.1128, "train/learning_rate": 1.4090452975827748e-05, "train/epoch": 0.0, "train/global_step": 10, "_timestamp": 1692180655.7200186, "_runtime": 43.97806358337402, "_step": 9, "_wandb": {"runtime": 45}}