{"train/loss": 2.4437, "train/learning_rate": 9.161232824427482e-06, "train/epoch": 1.05, "train/global_step": 55062, "_timestamp": 1692256374.7938726, "_runtime": 75640.30100154877, "_step": 55061, "_wandb": {"runtime": 75640}}